{
  "credit": "Made with Blockbench",
  "parent": "metallic_snow_shield_up",
  "texture_size": [
    64,
    64
  ],
  "elements": [
    {
      "name": "plate",
      "from": [
        2,
        0,
        5
      ],
      "to": [
        14,
        22,
        6
      ],
      "rotation": {
        "angle": 0,
        "axis": "y",
        "origin": [
          8,
          0,
          8
        ]
      },
      "faces": {
        "north": {
          "uv": [
            0.25,
            0.25,
            3.25,
            5.75
          ],
          "texture": "#1"
        },
        "east": {
          "uv": [
            0,
            0.25,
            0.25,
            5.75
          ],
          "texture": "#1"
        },
        "south": {
          "uv": [
            3.5,
            0.25,
            6.5,
            5.75
          ],
          "texture": "#1"
        },
        "west": {
          "uv": [
            3.25,
            0.25,
            3.5,
            5.75
          ],
          "texture": "#1"
        },
        "up": {
          "uv": [
            3.25,
            0.25,
            0.25,
            0
          ],
          "texture": "#1"
        },
        "down": {
          "uv": [
            6.25,
            0,
            3.25,
            0.25
          ],
          "texture": "#1"
        }
      }
    },
    {
      "name": "handle",
      "from": [
        7,
        8,
        6
      ],
      "to": [
        9,
        14,
        12
      ],
      "rotation": {
        "angle": 0,
        "axis": "y",
        "origin": [
          8,
          0,
          8
        ]
      },
      "faces": {
        "north": {
          "uv": [
            8,
            1.5,
            8.5,
            3
          ],
          "texture": "#1"
        },
        "east": {
          "uv": [
            6.5,
            1.5,
            8,
            3
          ],
          "texture": "#1"
        },
        "south": {
          "uv": [
            10,
            1.5,
            10.5,
            3
          ],
          "texture": "#1"
        },
        "west": {
          "uv": [
            8.5,
            1.5,
            10,
            3
          ],
          "texture": "#1"
        },
        "up": {
          "uv": [
            8.5,
            1.5,
            8,
            0
          ],
          "texture": "#1"
        },
        "down": {
          "uv": [
            9,
            0,
            8.5,
            1.5
          ],
          "texture": "#1"
        }
      }
    }
  ],
  "display": {
    "thirdperson_righthand": {
      "rotation": [
        45,
        -20,
        0
      ],
      "translation": [
        -0.75,
        1.75,
        -2.25
      ]
    },
    "thirdperson_lefthand": {
      "rotation": [
        45,
        -20,
        0
      ],
      "translation": [
        -0.75,
        1.75,
        -2.25
      ]
    },
    "firstperson_righthand": {
      "rotation": [
        4,
        4,
        2.69
      ],
      "translation": [
        -2.75,
        -6,
        1.25
      ]
    },
    "firstperson_lefthand": {
      "rotation": [
        4,
        4,
        2.69
      ],
      "translation": [
        -2.75,
        -6,
        1.25
      ]
    },
    "ground": {
      "scale": [
        0.3,
        0.3,
        0.3
      ]
    },
    "gui": {
      "rotation": [
        168.72,
        42.44,
        -157.89
      ],
      "translation": [
        0,
        -2.25,
        0
      ],
      "scale": [
        0.65,
        0.65,
        0.65
      ]
    },
    "fixed": {
      "translation": [
        0,
        -3,
        3
      ],
      "scale": [
        0.8,
        0.8,
        0.8
      ]
    }
  },
  "groups": [
    {
      "name": "plate",
      "origin": [
        8,
        11,
        7
      ],
      "color": 0,
      "nbt": "{}",
      "children": [
        0,
        1
      ]
    }
  ]
}