{
  "_fv": 73,
  "_type": "tool",
  "definition": {
    "toolType": "Shield",
    "renderType": 1,
    "blockingRenderType": 1,
    "texture": "diamond_shield",
    "customModelName": "diamond_shield:default",
    "blockingModelName": "diamond_shield_up:default",
    "name": "Diamond Shield",
    "specialInformation": {
      "fixedValue": []
    },
    "creativeTabs": [
      {
        "value": "TOOLS"
      }
    ],
    "efficiency": 4.0,
    "attackSpeed": 1.0,
    "enchantability": 2,
    "damageVsEntity": 4.0,
    "usageCount": 800,
    "glowCondition": {
      "fixedValue": false
    },
    "repairItems": [
      {
        "value": "Items.DIAMOND"
      },
      {
        "value": "Blocks.DIAMOND_BLOCK"
      }
    ],
    "immuneToFire": false,
    "blockDropsTier": "WOOD",
    "blocksAffected": [],
    "stayInGridWhenCrafting": false,
    "damageOnCrafting": true
  }
}