{
  "_fv": 73,
  "_type": "recipe",
  "definition": {
    "recipeType": "Crafting",
    "recipeRetstackSize": 1,
    "group": "diamondshield",
    "cookingBookCategory": "MISC",
    "xpReward": 0.0,
    "cookingTime": 200,
    "craftingBookCategory": "MISC",
    "recipeShapeless": false,
    "recipeSlots": [
      {
        "value": "Blocks.PLANKS"
      },
      {
        "value": "Blocks.PLANKS"
      },
      {
        "value": "Blocks.PLANKS"
      },
      {
        "value": "Blocks.PLANKS"
      },
      {
        "value": "Items.DIAMOND"
      },
      {
        "value": "Blocks.PLANKS"
      },
      {
        "value": ""
      },
      {
        "value": "Blocks.PLANKS"
      },
      {
        "value": ""
      }
    ],
    "recipeReturnStack": {
      "value": "CUSTOM:DiamondShield"
    },
    "name": "diamond_shield_recipe",
    "namespace": "mod"
  }
}