{
  "_fv": 73,
  "_type": "gui",
  "definition": {
    "type": 1,
    "width": 200,
    "height": 200,
    "inventoryOffsetX": 0,
    "inventoryOffsetY": 16,
    "renderBgLayer": true,
    "doesPauseGame": true,
    "components": [
      {
        "type": "label",
        "data": {
          "name": "label_diamond_decompresser",
          "text": {
            "fixedValue": "Diamond Decompresser"
          },
          "color": {
            "value": -12829636,
            "falpha": 0.0
          },
          "x": 124,
          "y": 28,
          "locked": false
        }
      },
      {
        "type": "inputslot",
        "data": {
          "inputLimit": {
            "value": ""
          },
          "disablePlacement": {
            "fixedValue": false
          },
          "id": 0,
          "disablePickup": {
            "fixedValue": false
          },
          "dropItemsWhenNotBound": true,
          "x": 151,
          "y": 73,
          "locked": false
        }
      },
      {
        "type": "button",
        "data": {
          "name": "button_decompress",
          "text": "Decompress",
          "isUndecorated": false,
          "onClick": {
            "name": "DiamondDecompresserGUIButton"
          },
          "width": 77,
          "height": 20,
          "x": 175,
          "y": 104,
          "locked": false
        }
      },
      {
        "type": "image",
        "data": {
          "image": "empty_slot_diamond.png",
          "use1Xscale": false,
          "x": 151,
          "y": 55,
          "locked": false
        }
      },
      {
        "type": "inputslot",
        "data": {
          "inputLimit": {
            "value": ""
          },
          "disablePlacement": {
            "fixedValue": false
          },
          "id": 1,
          "disablePickup": {
            "fixedValue": false
          },
          "dropItemsWhenNotBound": true,
          "x": 169,
          "y": 73,
          "locked": false
        }
      },
      {
        "type": "outputslot",
        "data": {
          "id": 2,
          "disablePickup": {
            "fixedValue": false
          },
          "dropItemsWhenNotBound": true,
          "x": 241,
          "y": 73,
          "locked": false
        }
      }
    ],
    "gridSettings": {
      "sx": 18,
      "sy": 18,
      "ox": 12,
      "oy": 18,
      "snapOnGrid": true
    }
  }
}