{
  "_fv": 73,
  "_type": "recipe",
  "definition": {
    "recipeType": "Crafting",
    "recipeRetstackSize": 1,
    "group": "diamonddecompresser",
    "cookingBookCategory": "MISC",
    "xpReward": 0.0,
    "cookingTime": 200,
    "craftingBookCategory": "MISC",
    "recipeShapeless": false,
    "recipeSlots": [
      {
        "value": "Items.DIAMOND"
      },
      {
        "value": "Items.DIAMOND"
      },
      {
        "value": "Items.DIAMOND"
      },
      {
        "value": "Items.DIAMOND"
      },
      {
        "value": "Items.REDSTONE"
      },
      {
        "value": "Items.DIAMOND"
      },
      {
        "value": "Items.DIAMOND"
      },
      {
        "value": "Items.DIAMOND"
      },
      {
        "value": "Items.DIAMOND"
      }
    ],
    "recipeReturnStack": {
      "value": "CUSTOM:DiamondDecompresser"
    },
    "name": "diamond_decompresser_recipe",
    "namespace": "mod"
  }
}